{
    "model_config": {
        "n_layers": 4,
        "hidden_channels": 64,
        "n_modes": [
            30,
            1
        ],
        "in_channels": 2,
        "out_channels": 1,
        "model_type": "library"
    },
    "training_config": {
        "n_train": 64,
        "batch_size": 5,
        "learning_rate": 0.001,
        "epochs": 400,
        "step_size": 100,
        "gamma": 0.1,
        "patience": 40,
        "freq_print": 1
    },
    "training_history": {
        "train_loss": [
            0.02781181739499936,
            0.01960905655645407,
            0.01760816086943333,
            0.008733265119819688,
            0.005204477956375251,
            0.004607549367042689,
            0.0034602205627239668,
            0.0023007406405388163,
            0.0018383885259166933,
            0.00146134953516034,
            0.0015195303309995395,
            0.0013330475597355801,
            0.0009304172753428037,
            0.0009602387390959149,
            0.0008103598150997781,
            0.0008504324135943674,
            0.0006210728494737011,
            0.00037778090448297846,
            0.00028946445225021587,
            0.00028282935202766495,
            0.00021550441921975178,
            0.0002343718280406812,
            0.000167174482507667,
            0.00014059002401504235,
            0.00016317679826617957,
            0.0001216329306211824,
            0.00010851992444188979,
            8.590396184724971e-05,
            7.209626598453794e-05,
            8.13427941466216e-05,
            7.759070677611117e-05,
            9.068180000982605e-05,
            0.00010488256101290553,
            0.00010360968120109577,
            0.00012180528994157122,
            7.94988873866924e-05,
            9.733853165436393e-05,
            0.00010088629810175356,
            9.460573626431421e-05,
            8.973897806404588e-05,
            8.839067315700679e-05,
            8.38620233900236e-05,
            8.072140134082964e-05,
            8.578671146936428e-05,
            0.00010023767502459053,
            7.497826048235696e-05,
            9.202794927449968e-05,
            8.123806681116828e-05,
            0.00010464422666700557,
            0.00013174875269984253,
            0.00021381188539985137,
            0.0004188507199824716,
            0.0003218547040327954,
            0.0003225407876575795,
            0.00021473768552263768,
            0.00019916243316122115,
            0.00020196324196429207,
            0.0003872929384949832,
            0.00043020946367715415,
            0.00035781809912385564,
            0.00042067172650534374,
            0.0003066135440559055,
            0.00018592867406998546,
            0.0002215168765710237,
            0.00019522703503473447,
            0.0001583147828708976,
            0.00014703632992817662,
            0.00013797948710047282,
            9.514302851480003e-05,
            0.00010704420240542207,
            0.0002677175496221305,
            0.0006451933664860777,
            0.0006826526290611722,
            0.0002643143424603085,
            0.00018524450849956617,
            0.00011047785049483467,
            0.00010090702730499637,
            6.612832630008388e-05,
            5.969204189918505e-05,
            4.172941393895039e-05,
            3.3319640631536735e-05,
            4.4150703056052756e-05,
            4.3532683915915324e-05,
            4.2737891887484766e-05,
            3.190591416149311e-05,
            2.234586155771887e-05,
            2.4884021163765843e-05,
            3.307659720191553e-05,
            3.418295175204268e-05,
            4.7923480311650426e-05,
            3.5319196775582474e-05,
            3.625632066709491e-05,
            4.251176268063808e-05,
            3.956962217881273e-05,
            2.817432911027796e-05,
            2.5609264622079747e-05,
            2.5915667860177702e-05,
            2.4816332230469787e-05,
            2.2611636058382617e-05,
            3.745177925268833e-05,
            3.0150968016711817e-05,
            1.1395772617106559e-05,
            6.678005670087609e-06,
            4.5100543082718595e-06,
            3.951577215187941e-06,
            3.6799171469353428e-06,
            3.5926960453462716e-06,
            3.4056888580380473e-06,
            3.286297756998325e-06,
            3.241342098520433e-06,
            3.1780380490650155e-06,
            3.08348587798089e-06,
            2.908141263665479e-06,
            2.9415831914565597e-06,
            2.9021493551576546e-06,
            2.835996663354588e-06,
            2.8431623447361813e-06,
            2.810595009787693e-06,
            2.7500356054588337e-06,
            2.766706529655494e-06,
            2.723141558537743e-06,
            2.6815059230172596e-06,
            2.7017685204974932e-06,
            2.635396159488524e-06,
            2.569083212969977e-06,
            2.576711634761663e-06,
            2.5854206761813166e-06,
            2.5363999087018715e-06,
            2.5069246458560183e-06,
            2.492941733250448e-06,
            2.506361310084825e-06,
            2.398942902240938e-06,
            2.4806576780415176e-06,
            2.4055967829693914e-06,
            2.399445817830453e-06,
            2.3826385481347993e-06,
            2.42321752571465e-06,
            2.369601798608738e-06,
            2.341327523516576e-06,
            2.39342902939545e-06,
            2.2961330964440444e-06,
            2.32938741471746e-06,
            2.314873995601374e-06,
            2.294191054156377e-06,
            2.2864161075211505e-06,
            2.289808706406732e-06,
            2.3102554415835093e-06,
            2.2464929718178328e-06,
            2.2271889642629853e-06,
            2.3202782043741677e-06,
            2.2039859179410714e-06,
            2.194362956778115e-06,
            2.1764350059619083e-06,
            2.2172086328982214e-06,
            2.1707750542750896e-06,
            2.1595105513719877e-06,
            2.1534847204608154e-06,
            2.1667521405806137e-06,
            2.1117347771975733e-06,
            2.0672434769809256e-06,
            2.112712895023623e-06,
            2.095130910744886e-06,
            2.1078540507565217e-06,
            2.045863355376171e-06,
            2.0745955960312412e-06,
            2.0140692833172998e-06,
            2.0215752119139115e-06,
            2.082333795582459e-06,
            2.0037776336651473e-06,
            1.971848667800749e-06,
            1.9592961892228163e-06,
            1.954175095656515e-06,
            1.964245816802409e-06,
            2.019134460449725e-06,
            1.9574907372981006e-06,
            1.951039341572771e-06,
            1.9241724658058956e-06,
            1.956289119894231e-06,
            1.9017709729059088e-06,
            1.9108868995177686e-06,
            1.932419055405122e-06,
            1.9909223720577966e-06,
            1.979394535457966e-06,
            1.921401803883782e-06,
            1.9547208886741337e-06,
            1.8998913009664438e-06,
            2.0206724422258467e-06,
            1.8917521104482987e-06,
            1.8030753888244642e-06,
            1.7558820148294146e-06,
            1.802799523340162e-06,
            1.8068144614657144e-06,
            1.7930063380005706e-06,
            1.7446643683937368e-06,
            1.748822508209112e-06,
            1.749936481806239e-06,
            1.770031163827158e-06,
            1.7770704604257703e-06,
            1.7356547039945815e-06,
            1.7173447479133476e-06
        ],