{
    "model_config": {
        "depth": 4,
        "modes": 30,
        "width": 64,
        "time_dependent": true
    },
    "training_config": {
        "batch_size": 16,
        "learning_rate": 0.001,
        "epochs": 400,
        "step_size": 100,
        "gamma": 0.1,
        "weight_decay": 0.0001,
        "optimizer": "AdamW",
        "patience": 40,
        "grad_clip": 1.0,
        "training_mode": "vanilla",
        "freq_print": 1,
        "device": "cuda"
    },
    "training_history": {
        "train_loss": [
            0.0986831059679389,
            0.060523193515837195,
            0.048111426271498205,
            0.041492806375026704,
            0.03952791178599,
            0.038816903997212646,
            0.03838999448344112,
            0.03726436058059335,
            0.03730201059952378,
            0.03686048174276948,
            0.036624135356396435,
            0.036742464452981946,
            0.0360139075666666,
            0.03595038671046495,
            0.03656209586188197,
            0.03633934045210481,
            0.03606440899893641,
            0.03635712629184127,
            0.03598514571785927,
            0.03572890479117632,
            0.035788419749587776,
            0.03551799897104502,
            0.0356734735891223,
            0.03564467644318938,
            0.03540565706789493,
            0.03555122492834926,
            0.03538901954889297,
            0.03583867494016886,
            0.03619822859764099,
            0.035803344659507276,
            0.03576060188934207,
            0.03576607368886471,
            0.035514050908386705,
            0.035459823068231346,
            0.03568057185038924,
            0.035499528516083956,
            0.03563575372099877,
            0.03542468016967178,
            0.03536880863830447,
            0.03544095493853092,
            0.035389539878815414,
            0.035294527746737005,
            0.03538866713643074,
            0.035214582830667494,
            0.03523421986028552,
            0.035182306077331305,
            0.03538513211533427,
            0.035515656042844054,
            0.03539098016917706,
            0.035264812875539064,
            0.035360154462978244,
            0.035387151222676036,
            0.03523107701912522,
            0.03543628491461277,
            0.03528589140623808,
            0.035325120203197,
            0.035344954766333106,
            0.035244363732635973,
            0.03526929561048746,
            0.03527180310338736,
            0.03517066491767764,
            0.03516694037243724,
            0.035089129488915204,
            0.03524196483194828,
            0.03530072756111622,
            0.035079284198582174,
            0.03519710190594196,
            0.03514415295794606,
            0.03507386967539787,
            0.03525883415713906,
            0.03524914691224694,
            0.03526867413893342,
            0.035333553049713376,
            0.03511013993993402,
            0.03508775820955634,
            0.03511877963319421,
            0.035185367055237296,
            0.03560793390497565,
            0.035196548141539094,
            0.03511068057268858,
            0.035127132944762704,
            0.035099321603775026,
            0.03519680267199874,
            0.03510055784136057,
            0.03510828036814928,
            0.03510496849194169,
            0.0351504678837955,
            0.03507778402417898,
            0.035107893869280815,
            0.03508383147418499,
            0.035099620651453736,
            0.035115114971995355,
            0.03502619042992592,
            0.035063708666712046,
            0.03503452530130744,
            0.035018660686910154,
            0.035015934705734254,
            0.03503957781940699,
            0.035098964162170884,
            0.03511741003021598,
            0.035067417472600934,
            0.03510855389758945,
            0.035079085268080235,
            0.0350742825306952,
            0.03514718133956194,
            0.03517964333295822,
            0.03522729985415936,
            0.035253698006272316,
            0.03508186312392354,
            0.035084512550383806,
            0.035050023533403876,
            0.03501711701974273,
            0.035143355187028644,
            0.035058578755706546,
            0.03501295512542128,
            0.0350214583799243,
            0.03502383315935731,
            0.03505075834691525,
            0.03507078215479851,
            0.03512931438162923,
            0.0350975320674479,
            0.03504406614229083,
            0.03506473023444414,
            0.03521680599078536,
            0.03512739920988679,
            0.035115351900458336,
            0.03516313852742314,
            0.035060451552271846,
            0.03514386266469956,
            0.035043989308178425,
            0.0350898465141654,
            0.035148239135742186,
            0.03511409731581807,
            0.0350473964586854
        ],