{
    "model_config": {
        "depth": 3,
        "modes": 30,
        "width": 64,
        "device": "cuda"
    },
    "training_config": {
        "batch_size": 5,
        "learning_rate": 0.001,
        "epochs": 2000,
        "weight_decay": 1e-06,
        "optimizer": "AdamW",
        "patience": 200,
        "freq_print": 1,
        "training_mode": "all2all",
        "grad_clip": 0.5
    },
    "training_history": {
        "train_loss": [
            0.34560090862214565,
            0.11100722540868446,
            0.10322937782621011,
            0.09666268323780969,
            0.08845525069045834,
            0.08437119021255057,
            0.08373105764621869,
            0.08315106524969451,
            0.0807959972153185,
            0.07880287575244438,
            0.07731795334257185,
            0.07909609949274454,
            0.07381070201518014,
            0.07427529575943481,
            0.07211386872222647,
            0.07276849770278204,
            0.07188040956680197,
            0.07302305746998172,
            0.07379914184275549,
            0.07025832995714154,
            0.06853615801082924,
            0.07080573234998155,
            0.07077679528447334,
            0.07451368162583094,
            0.06756111024878919,
            0.06584907633077819,
            0.06910274620167911,
            0.06723215393139981,
            0.06694709275325295,
            0.06563773796369787,
            0.06572244456037879,
            0.06762689986499026,
            0.06418912214576267,
            0.0638292264775373,
            0.06496726677869447,
            0.06593242728558835,
            0.0632323141762754,
            0.06353131604555529,
            0.06287494283606065,
            0.060747441748389974,
            0.06182181663461961,
            0.06346543348627165,
            0.058096296270377934,
            0.05980221075878944,
            0.05979925022984389,
            0.05932022775232326,
            0.059111737718922086,
            0.060537509416462854,
            0.05882385393488221,
            0.059680659644072875,
            0.05797690105100628,
            0.05498892764444463,
            0.05583346729690675
        ],
        "val_loss": [
            0.119081102340715,
            0.09985450937529095,
            0.106641137303086,
            0.0958238385792356,
            0.10249505724641494,
            0.07961612523649819,
            0.08622451245901175,
            0.09423050306213554,
            0.08686021351604722,
            0.07842125870229211,
            0.10618567254277878,
            0.08640880612074398,
            0.07592224261316005,
            0.08347943896660581,
            0.07154232186439913,
            0.07843672001035884,
            0.08165842360176612,
            0.07879365421831608,
            0.07289721588313114,
            0.08324760576942936,
            0.07939428312238306,
            0.08795940582058392,
            0.07214413183100987,
            0.08211898067384027,
            0.07870801624085288,
            0.0964796170592308,
            0.07941497534920927,
            0.0787062367744511,
            0.07684705237625167,
            0.08626672149694059,
            0.07883545421645977,
            0.07337032366194762,
            0.08445188048062846,
            0.07303235834115185,
            0.07563255992135964,
            0.0816429277183488,
            0.10501223005121574,
            0.07487630225659814,
            0.07126359571702778,
            0.09744461649097502,
            0.15293995282263495,
            0.07505417274660431,
            0.07340362515242305,
            0.07975100743351504,
            0.06863266292202752,
            0.0789447954739444,
            0.0889466267399257,
            0.08018636185443029,
            0.08739558720844798,
            0.07639326149364933,
            0.10004888931871392,
            0.07322094005940016,
            0.06726052585872822
        ],
        "lr": [
            4.005922103526079e-05,
            4.0236869527997265e-05,
            4.0532901642677645e-05,
            4.0947244332100504e-05,
            4.1479795355419844e-05,
            4.213042330337372e-05,
            4.289896763070937e-05,
            4.3785238695798765e-05,
            4.478901780743353e-05,
            4.591005727878829e-05,
            4.714808048853739e-05,
            4.850278194911371e-05,
            4.997382738208822e-05,
            5.1560853800654716e-05,
            5.3263469599198836e-05,
            5.5081254649927674e-05,
            5.701376040653924e-05,
            5.9060510014901616e-05,
            6.122099843072022e-05,
            6.349469254415894e-05,
            6.588103131138767e-05,
            6.837942589302184e-05,
            7.098925979942149e-05,
            7.370988904281228e-05,
            7.654064229619284e-05,
            7.948082105898723e-05,
            8.252969982940289e-05,
            8.568652628345179e-05,
            8.895052146058887e-05,
            9.232087995592509e-05,
            9.579677011896295e-05,
            9.937733425881138e-05,
            0.00010306168885582372,
            0.00010684892477961052,
            0.0001107381075133708,
            0.000114728277384489,
            0.00011881844980133705,
            0.00012300761549622805,
            0.00012729474077445655,
            0.00013167876776936694,
            0.00013615861470338774,
            0.00014073317615496332,
            0.00014540132333132317,
            0.0001501619043470147,
            0.0001550137445081374,
            0.0001599556466022026,
            0.00016498639119355107,
            0.0001701047369242546,
            0.0001753094208204256,
            0.00018059915860386174,
            0.00018597264500894747,
            0.00019142855410473312,
            0.0001969655396221149
        ],
        "best_val_loss": 0.06726052585872822,
        "best_epoch": 52
    }
}