{
    "model_config": {
        "n_layers": 4,
        "hidden_channels": 64,
        "n_modes": [
            30,
            1
        ],
        "in_channels": 2,
        "out_channels": 1,
        "model_type": "library"
    },
    "training_config": {
        "n_train": 64,
        "batch_size": 5,
        "learning_rate": 0.001,
        "epochs": 400,
        "step_size": 100,
        "gamma": 0.1,
        "patience": 40,
        "freq_print": 1,
        "device": "cuda"
    },
    "training_history": {
        "train_loss": [
            0.027609367926533405,
            0.018916071392595768,
            0.014615834117508851,
            0.007252645499717731,
            0.007722294065528191,
            0.0049220293294638395,
            0.003558285337371322,
            0.0025314776620899257,
            0.0019032671295392972,
            0.0015744185522915078,
            0.0017328883001867395,
            0.0014007535064592957,
            0.0009776114110046853,
            0.0008991359142013467,
            0.0006963478383393242,
            0.0006599806768533129,
            0.0004291608560239323,
            0.00032215679619604576,
            0.0002745779437156251,
            0.0002224648498947947,
            0.0001920761871868028,
            0.00020962627380728148,
            0.00018225452311945936,
            0.0001605627700113333,
            0.0001386214968918536,
            0.00010763455737525455,
            9.108734677563637e-05,
            7.194949956521249e-05,
            6.981342700713027e-05,
            6.853924787719734e-05,
            6.139291788433463e-05,
            7.186835500760935e-05,
            7.172312297580692e-05,
            5.247991066426039e-05,
            5.269430067318563e-05,
            5.2992134442320094e-05,
            4.475793377003776e-05,
            4.40217922564793e-05,
            4.2059390650068126e-05,
            3.536689445564452e-05,
            3.8694118792101595e-05,
            5.444542274255162e-05,
            6.98250878485851e-05,
            0.00010376094416222678,
            0.00019387127395020798,
            0.0001706781994681268,
            0.00021895449194394483,
            0.00024216639856324316,
            0.00024002202609643483,
            0.00017912340766857736,
            0.00018747386583037532,
            0.00013887802868759117,
            0.00011643423399968575,
            0.00019833582784765615,
            0.0001050712112023925,
            6.975966131834027e-05,
            0.00012986025551351934,
            0.0001081956050676616,
            8.291505051042455e-05,
            7.552626546105155e-05,
            5.92913445591246e-05,
            5.665175754424686e-05,
            6.767208329760112e-05,
            6.824794875753399e-05,
            6.870709358526465e-05,
            0.00010576925734102797,
            9.769462233704801e-05,
            9.839797684645209e-05,
            8.719668011718358e-05,
            8.238031128152776e-05,
            0.00026577199745448667,
            0.0005534024653920474,
            0.0005208711909989899,
            0.0003331377318737885,
            0.0002733210388284463,
            0.00018648315073313334,
            0.00020736402243178768,
            0.00020735355009002468,
            0.00030998246718529396,
            0.0003929710432063215,
            0.00027144774111757916,
            0.0003019263688027142,
            0.00042471754288551613,
            0.00026743361153281655,
            0.00021606069752194273,
            0.0001373183376227434,
            9.30871890607075e-05,
            5.9334206385896185e-05,
            5.331945346999699e-05,
            7.327876944775478e-05,
            6.826914012400756e-05,
            5.409473767660809e-05,
            6.050320021481289e-05,
            8.353435623575933e-05,
            7.940435408762333e-05,
            7.687960952842751e-05,
            0.00014315053228459036,
            0.0002330850396762029,
            0.0001640148984733969,
            0.00021237289799431054,
            0.00012623854798640913,
            5.307953268549262e-05,
            2.8428260590702008e-05,
            2.032624042140714e-05,
            1.732581425200736e-05,
            1.56563843260161e-05,
            1.4224446623792084e-05,
            1.4704752175020985e-05,
            1.3998171268142938e-05,
            1.4221845783770103e-05,
            1.401577887568587e-05,
            1.4963326136169668e-05
        ],