{
    "samplers": "dict_keys(['PL', 'GM', 'FS'])",
    "params": {
        "n_pieces": 4,
        "n_components": null,
        "n_modes": 10
    },
    "ood_params": {
        "n_pieces": 6,
        "n_components": 10,
        "n_modes": 20
    },
    "spatial_grid": {
        "nx": 128,
        "x_min": -1.0,
        "x_max": 1.0,
        "x_grid": [
            -1.0,
            -0.984251968503937,
            -0.9685039370078741,
            -0.952755905511811,
            -0.937007874015748,
            -0.9212598425196851,
            -0.905511811023622,
            -0.889763779527559,
            -0.8740157480314961,
            -0.8582677165354331,
            -0.8425196850393701,
            -0.8267716535433071,
            -0.8110236220472441,
            -0.7952755905511811,
            -0.7795275590551181,
            -0.7637795275590551,
            -0.7480314960629921,
            -0.7322834645669292,
            -0.7165354330708662,
            -0.7007874015748031,
            -0.6850393700787402,
            -0.6692913385826772,
            -0.6535433070866141,
            -0.6377952755905512,
            -0.6220472440944882,
            -0.6062992125984252,
            -0.5905511811023623,
            -0.5748031496062992,
            -0.5590551181102362,
            -0.5433070866141733,
            -0.5275590551181102,
            -0.5118110236220472,
            -0.49606299212598426,
            -0.4803149606299213,
            -0.46456692913385833,
            -0.44881889763779526,
            -0.4330708661417323,
            -0.4173228346456693,
            -0.40157480314960625,
            -0.3858267716535433,
            -0.3700787401574803,
            -0.35433070866141736,
            -0.3385826771653544,
            -0.3228346456692913,
            -0.30708661417322836,
            -0.2913385826771654,
            -0.2755905511811023,
            -0.25984251968503935,
            -0.2440944881889764,
            -0.22834645669291342,
            -0.21259842519685046,
            -0.19685039370078738,
            -0.18110236220472442,
            -0.16535433070866146,
            -0.14960629921259838,
            -0.13385826771653542,
            -0.11811023622047245,
            -0.10236220472440949,
            -0.08661417322834652,
            -0.07086614173228345,
            -0.055118110236220486,
            -0.03937007874015752,
            -0.023622047244094446,
            -0.007874015748031482,
            0.007874015748031482,
            0.023622047244094446,
            0.03937007874015741,
            0.055118110236220375,
            0.07086614173228334,
            0.08661417322834652,
            0.10236220472440949,
            0.11811023622047245,
            0.13385826771653542,
            0.14960629921259838,
            0.16535433070866135,
            0.1811023622047243,
            0.1968503937007875,
            0.21259842519685046,
            0.22834645669291342,
            0.2440944881889764,
            0.25984251968503935,
            0.2755905511811023,
            0.2913385826771653,
            0.30708661417322825,
            0.3228346456692912,
            0.3385826771653544,
            0.35433070866141736,
            0.3700787401574803,
            0.3858267716535433,
            0.40157480314960625,
            0.4173228346456692,
            0.4330708661417322,
            0.44881889763779537,
            0.46456692913385833,
            0.4803149606299213,
            0.49606299212598426,
            0.5118110236220472,
            0.5275590551181102,
            0.5433070866141732,
            0.5590551181102361,
            0.5748031496062991,
            0.5905511811023623,
            0.6062992125984252,
            0.6220472440944882,
            0.6377952755905512,
            0.6535433070866141,
            0.6692913385826771,
            0.68503937007874,
            0.7007874015748032,
            0.7165354330708662,
            0.7322834645669292,
            0.7480314960629921,
            0.7637795275590551,
            0.7795275590551181,
            0.795275590551181,
            0.811023622047244,
            0.826771653543307,
            0.8425196850393701,
            0.8582677165354331,
            0.8740157480314961,
            0.889763779527559,
            0.905511811023622,
            0.921259842519685,
            0.9370078740157479,
            0.9527559055118111,
            0.9685039370078741,
            0.984251968503937,
            1.0
        ]
    },
    "temporal_grid": {
        "dt": 0.0025,
        "time_points": [
            0.0,
            0.0025,
            0.005,
            0.0075,
            0.01
        ]
    },
    "dataset_params": {
        "epsilon_values": [
            10.0,
            0.5,
            0.1,
            0.05,
            0.01
        ],
        "added_epsilon_values": [
            1000.0,
            100.0,
            5.0,
            1.0,
            0.75,
            0.25,
            0.008,
            0.006
        ],
        "n_train": 1000,
        "n_test": 200,
        "base_seed": 1
    }
}