{
    "model_config": {
        "n_modes": [
            32,
            1
        ],
        "hidden_channels": 64,
        "in_channels": 2,
        "out_channels": 1,
        "spatial_dim": 2,
        "model_type": "library"
    },
    "training_config": {
        "n_train": 64,
        "batch_size": 5,
        "learning_rate": 0.001,
        "epochs": 500,
        "step_size": 100,
        "gamma": 0.1,
        "patience": 50,
        "freq_print": 1
    },
    "training_history": {
        "train_loss": [
            0.030854799139958162,
            0.02069418540654274,
            0.017445824538859036,
            0.009550395206763195,
            0.005603187359296358,
            0.004002241829696756,
            0.003585393827121991,
            0.002470224307706723,
            0.0017772605553126107,
            0.001392298848189127,
            0.0010405110616165285,
            0.0007947487935710412,
            0.0006319154703165763,
            0.0006608590595603276,
            0.000620433230114241,
            0.0005039540097081604,
            0.0003341638142816149,
            0.0002957858243742241,
            0.00023896189836355357,
            0.00023763932739921773,
            0.00020437274808780506,
            0.0002954008758444196,
            0.0002733186232105184,
            0.0002929459263284046,
            0.00019778618074129694,
            0.00013184668820870755,
            0.00012395388330332935,
            9.971981209953531e-05,
            9.794533700467303e-05,
            9.631663292216566e-05,
            7.714677205792844e-05,
            7.7201853295824e-05,
            7.540908196600727e-05,
            5.755494091247853e-05,
            7.906308606974423e-05,
            7.963540058251686e-05,
            6.678160626996451e-05,
            5.672865686042664e-05,
            3.970209595886095e-05,
            4.485672140547719e-05,
            6.90651633284198e-05,
            6.692416970438969e-05,
            9.91667567667229e-05,
            0.00012082160537829623,
            9.498393634343162e-05,
            0.00013401769543774068,
            0.00013227198416223892,
            7.740354368042272e-05,
            8.70975922085703e-05,
            5.7179454205862174e-05,
            7.071209788241853e-05,
            6.754836039572883e-05,
            8.452206020592712e-05,
            9.311966893549722e-05,
            8.545328987216075e-05,
            7.54295366417724e-05,
            6.957247779400159e-05,
            7.753700880969588e-05,
            6.0922751100196576e-05,
            5.9864128371163344e-05,
            7.023202907965661e-05,
            0.00013838059805073918,
            0.0001697644094327608,
            0.00017591122461733624,
            0.0002730660305062954,
            0.00022479042336971572,
            0.0002512339202579684,
            0.0003322395507264166,
            0.00045382218992856977,
            0.0002658283158850211,
            0.00025948982735057,
            0.0001510793456243566,
            0.0001365581738355104,
            0.00011703794902692047,
            9.361080922714721e-05,
            8.919581215685376e-05,
            6.214523679003693e-05,
            6.10819073559609e-05,
            6.821111030428886e-05,
            6.239285385862995e-05,
            7.245813405741221e-05,
            5.660780992072362e-05,
            7.481728873524565e-05,
            6.184536225471395e-05,
            5.703363142227037e-05,
            6.0103294414987504e-05,
            5.491251683382031e-05,
            4.0378202146922165e-05,
            4.058510883344123e-05,
            3.141558702806763e-05,
            3.396468743561015e-05,
            3.348670347454922e-05,
            2.8931638763214534e-05,
            2.6987765103023357e-05,
            2.3658012371295346e-05,
            2.711610725852482e-05,
            3.3416444029381426e-05,
            9.39413481459129e-05,
            0.0001087234175849097,
            9.738084498586922e-05,
            6.341899181559432e-05,
            3.943619091072693e-05,
            2.196386230934877e-05,
            1.272667763120038e-05,
            8.660513161045786e-06,
            8.119526368178553e-06,
            6.710059901356894e-06,
            5.69870200286879e-06,
            5.5804201530498594e-06,
            5.115132073394936e-06,
            4.789764016795044e-06,
            4.4548131042504865e-06,
            4.230163575322456e-06,
            3.9839803251267695e-06,
            3.834927541062755e-06,
            3.7566714162004737e-06,
            3.781540656816035e-06,
            4.133193180258297e-06,
            3.4589300482296562e-06,
            3.3858313005251916e-06,
            3.1376322427744385e-06,
            3.6255826916413544e-06,
            3.3451339487118485e-06,
            3.0956360800561156e-06,
            3.0520923421415946e-06,
            2.8954866418364245e-06,
            2.8235398041523204e-06,
            2.8155447248186997e-06,
            2.7543043538221705e-06,
            2.7851522802918157e-06,
            2.602913381311877e-06,
            2.615656232872145e-06,
            2.5302510336517185e-06,
            2.454321850983923e-06,
            2.4171372562984916e-06,
            2.4461257995566343e-06,
            2.3804924642088454e-06,
            2.248701399856565e-06,
            2.31284646081174e-06,
            2.3089341031943777e-06,
            2.2156109655322953e-06,
            2.1794929370326618e-06,
            2.187710405311149e-06,
            2.102099188050488e-06,
            2.214450249154582e-06,
            2.1145039174650892e-06,
            2.251421366194196e-06,
            2.0766905033899375e-06,
            2.015731271197952e-06,
            1.9905370961098993e-06,
            2.0014918198704927e-06,
            2.0023327614091195e-06,
            2.1593724306092972e-06,
            2.1372971839530064e-06,
            2.07283674696485e-06,
            1.9887937434340038e-06,
            1.8526746561502268e-06,
            1.844087906787396e-06,
            2.031013781771225e-06,
            1.855091437181937e-06,
            1.8081924596257381e-06,
            1.8610926680104547e-06,
            1.820712362552093e-06,
            1.8671057135249541e-06,
            1.792755020128075e-06,
            1.833119077113784e-06,
            1.7718225972902683e-06,
            1.7548578275986633e-06,
            1.8057066881738137e-06,
            1.754967684064468e-06,
            1.7071990634156884e-06,
            1.7636814828410234e-06,
            1.6771453094686597e-06,
            1.7107392715423396e-06,
            1.716016667020225e-06,
            1.6270545214725785e-06,
            1.6631076960038627e-06,
            1.6238280627826148e-06,
            1.6159982316401931e-06,
            1.6229584721608821e-06,
            1.6694039266859852e-06,
            1.575027095686192e-06,
            1.6121667141095923e-06,
            1.5976554637885643e-06,
            1.57568347976149e-06,
            1.5711639732147048e-06,
            1.5325065087031712e-06,
            1.5066552105753754e-06,
            1.5413510779511014e-06,
            1.5514871296755491e-06,
            1.564843710884116e-06,
            1.6326998862636033e-06,
            1.4781621845171544e-06,
            1.4805670459211867e-06,
            1.507078562868768e-06,
            1.455267618684257e-06,
            1.4464586421616752e-06,
            1.4227112763784623e-06,
            1.4384675331222331e-06,
            1.4274171899859748e-06
        ],