{
    "model_config": {
        "depth": 4,
        "modes": 30,
        "width": 64,
        "nfun": 2,
        "time_dependent": true,
        "device": "cuda"
    },
    "training_config": {
        "data_mode": "onetoall",
        "n_train": 64,
        "batch_size": 5,
        "learning_rate": 0.001,
        "epochs": 400,
        "step_size": 100,
        "gamma": 0.1,
        "patience": 40,
        "freq_print": 1,
        "device": "cuda"
    },
    "training_history": {
        "train_loss": [
            0.0465422068227781,
            0.029694937154999934,
            0.026786394977534655,
            0.01924707916623447,
            0.016991907221381553,
            0.01311968345544301,
            0.011541091022081673,
            0.010877982665988384,
            0.010487907740753144,
            0.008123369221721077,
            0.007567303066025488,
            0.006574718434421811,
            0.006499332030216465,
            0.005784316344943363,
            0.006055710262444336,
            0.006617170485696988,
            0.004343703945778543,
            0.004814339037693571,
            0.004648678321245825,
            0.004084715365024749,
            0.0040808632566040615,
            0.003586055125197163,
            0.0036778306566702668,
            0.003605135536417947,
            0.0036728316626977175,
            0.003286463643235038,
            0.003065999228056171,
            0.002737225162491086,
            0.0032307184646924725,
            0.0028687979793176055,
            0.0027481446122692432,
            0.0030597341974498704,
            0.0025798703245527577,
            0.00218015882637701,
            0.002112828067765804,
            0.002099949148032465,
            0.0020571064596879296,
            0.002865967951947823,
            0.002363602921832353,
            0.001919765164529963,
            0.0017927808075910434,
            0.0016935122121140012,
            0.0018774308446154464,
            0.0019617322450358188,
            0.0018413663092360366,
            0.0015456614328286378,
            0.001635553229789366,
            0.0016759172794991173,
            0.001681953263869218,
            0.0015670870780013502,
            0.0016377501833630959,
            0.001570368485772633,
            0.0016089803666545777,
            0.0015149834707699483,
            0.0013451223367155762,
            0.0013727261284657288,
            0.001257005500519881,
            0.0014365792121679988,
            0.0013366926441449323,
            0.0015820874132259632,
            0.0015202012555164401,
            0.0017586925523573882,
            0.0015324548858188791,
            0.0013006962863073568,
            0.0009969742941393633,
            0.001285950744204456,
            0.0015544892967227497,
            0.0014785780131205684,
            0.0010604535136735649,
            0.001116838505367923,
            0.0009724039837237797,
            0.0009835450964601478,
            0.0011089531508332584,
            0.0009082018359549693,
            0.0008402669677707308,
            0.0010689486634873901,
            0.001065097068931209,
            0.0013899166851842892,
            0.002176036358832789,
            0.0011569374119062559,
            0.0009100668244172994,
            0.0008107223475235514,
            0.0009383770920976531,
            0.0011665812826322508,
            0.0009480416915721435,
            0.0009180902925436385,
            0.0008551800692657707,
            0.0011534851719261496,
            0.0007834022353563341,
            0.0007815967805981927,
            0.0009134058805102541,
            0.0007751259968244995,
            0.0009166332815766509,
            0.0007978903049661312,
            0.0007345704934778041,
            0.000849565980843181,
            0.0009540176656628319,
            0.000651716561151261,
            0.0005904918152737082,
            0.0006233019989849709,
            0.00041478112689219415,
            0.00034893551969616965,
            0.00032087180420603545,
            0.00031908246478451474,
            0.0003069286869958887,
            0.0002951223875697906,
            0.0003066004592255922,
            0.00029234491671559226,
            0.0002838952291313035,
            0.0002928784722371347,
            0.0002705812720478207,
            0.0002886684530949424,
            0.0002677782805449169,
            0.00025972367211579694,
            0.00026776360891744844,
            0.00026666631333682744,
            0.0002607329900001787,
            0.0002675217021987919,
            0.00027282351948088035,
            0.000260497754197786,
            0.0002427877866466588,
            0.00025897579632783163,
            0.0002518425044399919,
            0.0002531178524805,
            0.0002593260840058065,
            0.00023914343410069705,
            0.00025120566260738997,
            0.00024439303251710953,
            0.00025059426752704894,
            0.00024392891111801873,
            0.0002484570430851818,
            0.0002326772530523158,
            0.0002331054809019406,
            0.0002377179316681577,
            0.0002292347280672402,
            0.0002280813687320915,
            0.00023323422226440016,
            0.00022416425395022088,
            0.00022519416575050855,
            0.000226683496748592,
            0.00021735894199537142,
            0.00021911770795668417,
            0.00021001387688102113,
            0.00021833400478499243,
            0.00021499657316326193,
            0.00022122506572941347,
            0.0002131339781499264,
            0.00023525006565705553,
            0.00020783739955732017,
            0.00019992663089851703,
            0.00019506926867052243,
            0.000205429391371581,
            0.00021989194931393286,
            0.00019834438717225567,
            0.0001932853025436998,
            0.00019620814180143498,
            0.00019020425861526746,
            0.00019399370739847654,
            0.00020742452363720076,
            0.00020169894094124174,
            0.00020202990674533794,
            0.00018555541294063005,
            0.00019309615322526952,
            0.0002101622817463067,
            0.00018896169058280066,
            0.000179277904180708,
            0.0001825062339548822,
            0.00017488426260570122,
            0.00017740513521857793,
            0.00018188215005920938,
            0.0001703779910258163,
            0.00017091479799091758,
            0.00016188528547900205,
            0.00016361750090254645,
            0.00017840106625044427,
            0.00016004229848931573,
            0.00016247743781150348,
            0.00016116834717649908,
            0.0001539617314847419,
            0.00016914796731271053,
            0.00017399720934463403,
            0.00015697430217187502,
            0.00016248629515303037,
            0.00015471215658635629,
            0.00017633609866152256,
            0.0001514492532805889,
            0.0001654368157915087,
            0.00014704861450809403,
            0.00014032949036391074,
            0.0001537041691790364,
            0.00014063765104310733,
            0.00014133413435502007,
            0.00016162600309144182,
            0.00013798473776205356,
            0.00014728550820564124,
            0.00015484555126477062,
            0.0001378391384605493,
            0.00012712549346360902,
            0.00012875360204134267,
            0.00014062691104754776,
            0.00012256632999196881,
            0.00011268885424442487,
            0.00010858144054282093,
            0.00010780154525491525,
            0.00010411572566226823,
            0.00010444358662198283,
            0.00010489969207583272,
            0.0001079832084087684,
            0.00010716963896584275,
            0.00010377457584809235,
            0.00010531071961850103,
            0.00010932896032045392,
            0.00010609490061597171,
