{
    "model_config": {
        "n_layers": 4,
        "hidden_channels": 64,
        "n_modes": [
            40,
            1
        ],
        "in_channels": 2,
        "out_channels": 1,
        "model_type": "library"
    },
    "training_config": {
        "n_train": 64,
        "batch_size": 5,
        "learning_rate": 0.001,
        "epochs": 400,
        "step_size": 100,
        "gamma": 0.1,
        "patience": 40,
        "freq_print": 1
    },
    "training_history": {
        "train_loss": [
            0.03190706097162687,
            0.02037443356731763,
            0.016890333535579536,
            0.010449227984421529,
            0.005054159985425381,
            0.004378188759661638,
            0.0030338641865035663,
            0.002300591002075145,
            0.0020245037560995957,
            0.0016710688180934924,
            0.0012650507806728666,
            0.0011187035214299192,
            0.0010691500009180834,
            0.0007140229706867383,
            0.00048160295073802653,
            0.0003841176176837717,
            0.0004027460180133438,
            0.0003106634595986599,
            0.00029306961089157715,
            0.00027200563076453714,
            0.00027952822655116994,
            0.00024029453813384933,
            0.0002444902929710224,
            0.00017254470507256113,
            0.00015156889332082265,
            0.0001815685631859546,
            0.00016634564235573635,
            0.00010462634851976942,
            8.925127762128026e-05,
            8.489888009185401e-05,
            7.815045626977316e-05,
            6.407789596078846e-05,
            5.5773511401359705e-05,
            5.76084242381442e-05,
            9.610577790926282e-05,
            0.000238077309264694,
            0.0003580091282716379,
            0.0007740644538828817,
            0.0005406706679003456,
            0.0016109812825631637,
            0.0013741838360706775,
            0.0006481466944723462,
            0.0005625027675145807,
            0.00043745827189503383,
            0.00030519106188036787,
            0.00017999926505861088,
            0.00012447985164516678,
            0.00011489696044009179,
            8.422639635122883e-05,
            5.471670682219645e-05,
            5.5268492640327444e-05,
            7.93516133294011e-05,
            6.93490661573238e-05,
            9.710914785570752e-05,
            8.966003000610866e-05,
            5.858740629404425e-05,
            5.5562401450095844e-05,
            3.7673542884966504e-05,
            3.113175332076095e-05,
            3.974239175127318e-05,
            3.501646866565212e-05,
            3.047583595616743e-05,
            4.420075772661501e-05,
            3.574438219052704e-05,
            4.497618815198971e-05,
            2.803985234305191e-05,
            2.614709767210745e-05,
            3.7139539787089096e-05,
            3.19698617134306e-05,
            1.9808612285907238e-05,
            1.825820758173135e-05,
            1.8618683148256074e-05,
            1.9723242145958535e-05,
            1.8183683096140157e-05,
            1.8400773184951573e-05,
            2.203359186891108e-05,
            5.150936815950375e-05,
            5.659055722599778e-05,
            3.461912764088573e-05,
            3.6202750589626914e-05,
            3.953402805424188e-05,
            3.463042328523723e-05,
            3.0020896002287583e-05
        ],
        "val_loss": [
            0.02447089574371393,
            0.01940500893845008,
            0.014972871814209681,
            0.007613196718291595,
            0.006757725137644089,
            0.00428420570320808,
            0.0029420571921106716,
            0.0024933786435912433,
            0.0022586472780228807,
            0.0024694010991459857,
            0.0018766856609055628,
            0.0018898837017611815,
            0.0015555211396601337,
            0.0010265463049738454,
            0.000895634620414617,
            0.0007517869190241282,
            0.000845312469979175,
            0.0006978498377765601,
            0.0006074073809521416,
            0.0006012242453065342,
            0.0005575914535886393,
            0.000674184792352697,
            0.00044129115793531615,
            0.00046760524855926633,
            0.0003959685541653576,
            0.0004766068517570742,
            0.0003480279242816883,
            0.00033082975670158,
            0.0002999099132676537,
            0.00026666283688078134,
            0.0002640562720793801,
            0.0002562974147552338,
            0.00024213744528914013,
            0.0002202558333430296,
            0.00038758664203879353,
            0.000595445966330142,
            0.001256830390327825,
            0.0008487177367966909,
            0.001865846561626173,
            0.0018255652215045232,
            0.0015881094956197417,
            0.0009320914015496293,
            0.000817895454999346,
            0.0006638810479601559,
            0.0004096349831133221,
            0.0003783833638478357,
            0.00038113494743951236,
            0.0003594429234418875,
            0.00026072292586412426,
            0.0002579511145505911,
            0.0003035709792479443,
            0.00028405122205955337,
            0.00024360062749250434,
            0.00028988826110994874,
            0.00024620593635168357,
            0.0002630510324916731,
            0.000238437953857311,
            0.00021248487778043805,
            0.00021754782881963855,
            0.00023847118931231447,
            0.00022357303756647385,
            0.0002164332439021494,
            0.0002087285728731121,
            0.0002251919823510644,
            0.0001825907523967684,
            0.00018044138750365863,
            0.0001731166776153259,
            0.00020539358229143545,
            0.00018657551173908779,
            0.00019005301650255345,
            0.00016838249519843465,
            0.00017070216675235244,
            0.00017103691929011032,
            0.00017164789964086734,
            0.00016827427932114986,
            0.00018789596595944694,
            0.0002615997420014957,
            0.00019119293350600995,
            0.00018780617448590839,
            0.00020372112563703782,
            0.00018292594233151668,
            0.0001746063700501019,
            0.00016456928894443152
        ],
        "best_epoch": 82,
        "best_val_loss": 0.00016456928894443152
    }
}