{
    "model_config": {
        "depth": 4,
        "modes": 30,
        "width": 64,
        "nfun": 2,
        "time_dependent": true,
        "device": "cuda"
    },
    "training_config": {
        "data_mode": "all2all",
        "n_train": 64,
        "batch_size": 5,
        "learning_rate": 0.001,
        "epochs": 400,
        "step_size": 100,
        "gamma": 0.1,
        "patience": 40,
        "freq_print": 1,
        "device": "cuda"
    },
    "training_history": {
        "train_loss": [
            0.02758568640759525,
            0.016080260031837195,
            0.010487660715928845,
            0.007604719243924289,
            0.0065548089320752,
            0.0054953619249621015,
            0.005000795240751661,
            0.0041125049732121015,
            0.003819986256833848,
            0.003292507669660457,
            0.0028495792394096497,
            0.002777889386076519,
            0.002401247915258864,
            0.0023105715851367372,
            0.0022412913334240634,
            0.0020493943778395383,
            0.002083045430178269,
            0.0019684441015973184,
            0.0018225051453555352,
            0.0017022937360403982,
            0.0015658963472257408,
            0.00167152412783859,
            0.001534952875166103,
            0.0014884365339942935,
            0.0014648104552179575,
            0.001596825301021454,
            0.0015819904056115774,
            0.0014667592178435977,
            0.0010982707787358474,
            0.0010641795671896641,
            0.0010211337964089278,
            0.0011752122619933896,
            0.0010189688675078894,
            0.0009279234031964734,
            0.0008558566933061229,
            0.001055532359562979,
            0.00074419592601771,
            0.0009607977599443984,
            0.0007518078988747826,
            0.0007590512091155688,
            0.0008510853922416572,
            0.0008325226423645896,
            0.001455064156592319,
            0.0007175686522108057,
            0.0006442047654218186,
            0.0007344251333355108,
            0.0006079829419528929,
            0.0005629885896875445,
            0.0006635403772937328,
            0.0005585935443832568,
            0.0006934715199804486,
            0.0005534140137418339,
            0.0004462185669732814,
            0.0006889333625016055,
            0.0006186962890145272,
            0.00041952624356630014,
            0.0006494811071509806,
            0.0005750794647004417,
            0.0006778365116891413,
            0.0005237984454045849,
            0.0005567928425686356,
            0.0004986873188954632,
            0.0007182546761062744,
            0.0005065854989728299,
            0.0004682705320343909,
            0.00038708892062307615,
            0.00037798202333760855,
            0.0005093801218360264,
            0.00039516762501534686,
            0.00045408264039300167,
            0.0003860487574911531,
            0.0003438891484393025,
            0.00044151121490661655,
            0.000472441188094308,
            0.00040263344199805334,
            0.0004532855831106038,
            0.00041387892641372065,
            0.0003988136358733148,
            0.00031134923475898785,
            0.00031584285538125795,
            0.0003306687383807609,
            0.00040889029401114385,
            0.0003633105714015983,
            0.0004912065548978717,
            0.000297367699242083,
            0.00036754798016621254,
            0.00048266317950644105,
            0.0003246721756795523,
            0.0002606065364337458,
            0.0003018778983990463,
            0.00046868719474938797,
            0.00044204280129633844,
            0.000220580358548735,
            0.0002736617055916213,
            0.0002681551292956404,
            0.0002875945041675247,
            0.0003748893110090042,
            0.00023904907664018538,
            0.0002664966341399122,
            0.00028011918118409085,
            0.00011264713583614139,
            7.86741488430683e-05,
            7.513206233511482e-05,
            7.739822746088976e-05,
            7.053814596247321e-05,
            6.891394847722647e-05,
            6.745897424783227e-05,
            6.576589324443678e-05,
            6.649761481488288e-05,
            6.837574546617968e-05,
            6.421186925346471e-05,
            6.155591424317208e-05,
            6.31901278325131e-05,
            5.967413461386665e-05,
            6.385284010927232e-05,
            5.832607042558872e-05,
            5.971802476286333e-05,
            5.744826039707126e-05,
            5.8724947289571595e-05,
            5.996118530523139e-05,
            5.5054733716512296e-05,
            5.879545649160415e-05,
            5.755915335233416e-05,
            5.3804103856691654e-05,
            5.491283738479069e-05,
            5.155166262701035e-05,
            5.378648325896999e-05,
            5.3926486107987635e-05,
            5.1321026461437214e-05,
            4.95658196276357e-05,
            5.124719346364751e-05,
            5.2747894651853734e-05,
            5.0229908993060235e-05,
            5.108357906162079e-05,
            4.995780926719817e-05,
            4.7021908784472544e-05,
            4.9083978126418515e-05,
            5.363137949151072e-05,
            5.027772594227523e-05,
            4.596860475203357e-05,
            4.8245895072795975e-05,
            4.6099248521613845e-05,
            5.002442218445443e-05,
            4.4521515813282044e-05,
            4.6501196948156576e-05,
            4.42055503337239e-05,
            4.447788450079315e-05,
            4.325184364499061e-05,
            4.311728542916171e-05,
            4.5131598682246477e-05,
            4.470384325827581e-05,
            4.312171187355792e-05,
            4.264190924156234e-05,
            4.022559775762602e-05,
            4.173530862772168e-05,
            4.218822272150646e-05,
            4.0714319624157724e-05,
            4.025170473672309e-05,
            3.748512141517798e-05,
            4.211666358363194e-05,
            4.096831168946361e-05,
            4.2044138571858035e-05,
            3.826220202540753e-05,
            4.045406073297878e-05,
            3.796935311584093e-05,
            3.700317946216577e-05,
            3.80757002176324e-05,
            3.7250710770801256e-05,
            3.837111838341419e-05,
            3.7158781594825996e-05,
            3.444495150498975e-05,
            3.55462420884578e-05,
            3.715189695678115e-05,
            3.677914299752653e-05,
            3.683400452795619e-05,
            3.650505752261779e-05,
            3.740659910060155e-05,
            3.6738827726405056e-05,
            3.682036655542712e-05,
            3.368863450248227e-05,
            3.6016743578670685e-05,
            3.540764315346223e-05,
            3.403619873646827e-05,
            3.301454337645282e-05,
            3.2679193433674904e-05,
            3.811883902452943e-05,
            3.5824402758066753e-05,
            3.1751258703138774e-05,
            3.480991817165583e-05,
            3.225051987953975e-05,
            3.3103288259894725e-05,
            3.335211362317144e-05,
            3.24482336585182e-05,
            3.101614608643407e-05,
            3.195329869261817e-05,
            3.229592114450952e-05,
            3.180228921451089e-05,
            3.2059012089765325e-05,
            3.087493551845455e-05,
            3.136564203506017e-05,
            2.5648013722919433e-05,
            2.3940974476962158e-05,
            2.3698643772718242e-05,
            2.500076081446423e-05,
            2.2952161714329122e-05,
            2.3295639877574104e-05,
            2.299673527753991e-05,
            2.351669278747674e-05,
            2.321511318352047e-05,
            2.241013046007841e-05,
            2.3600281693347824e-05,
            2.3137336512490947e-05,
            2.368101984018267e-05,
