{
    "model_config": {
        "depth": 4,
        "modes": 30,
        "width": 32
    },
    "training_config": {
        "batch_size": 5,
        "learning_rate": 0.001,
        "epochs": 400,
        "step_size": 100,
        "gamma": 0.5,
        "weight_decay": 1e-06,
        "optimizer": "AdamW",
        "patience": 40,
        "freq_print": 1,
        "training_mode": "all2all",
        "grad_clip": 0.5,
        "device": "cuda"
    },
    "training_history": {
        "train_loss": [
            0.044341893182718195,
            0.018014455007990666,
            0.013839811177604133,
            0.01160843922116328,
            0.010253027966731073,
            0.009226756399584701,
            0.008879707385252308,
            0.008290034193729904,
            0.007928121695537508,
            0.007621860659734618,
            0.007614258206255424,
            0.007613894501143174,
            0.007392815651352673,
            0.006966023962377221,
            0.007040718336308298,
            0.007091840516901963,
            0.006761642307537841,
            0.0066675965305573,
            0.0068119442106156685,
            0.006573777745264427,
            0.006790888299292419,
            0.006335292358320051,
            0.007148092857581408,
            0.006185873675955615,
            0.006289025483662651,
            0.006100962913478725
        ],
        "val_loss": [
            0.015048336892505176,
            0.009648543610334551,
            0.009848168373234026,
            0.008483984542787463,
            0.00848656985181151,
            0.007964681805788132,
            0.008056961427428178,
            0.007385911241120387,
            0.008528770023985999,
            0.007731647626011788,
            0.007526627012945634,
            0.0077013861130884225,
            0.007782086195826802,
            0.007343028930942334,
            0.008415322374882331,
            0.007019795040226502,
            0.007179830965469591,
            0.00905701665366602,
            0.0069553118155454285,
            0.008147406504576793,
            0.00758774080228856,
            0.008721869786313619,
            0.008552145080102491,
            0.008531346458767075,
            0.006824936673486566,
            0.006822887109592557
        ],
        "lr": [
            4.148006501846727e-05,
            4.5911132605290506e-05,
            5.3265876643262254e-05,
            6.349894088500624e-05,
            7.654721866212253e-05,
            9.233024206007322e-05,
            0.00011075067815878744,
            0.00013169492927870424,
            0.00015503383353057123,
            0.00018062346134875302,
            0.00020830600309587719,
            0.00023791074226501858,
            0.0002692551082777387,
            0.0003021458023854483,
            0.00033637998973072277,
            0.00037174655021720616,
            0.00040802738047406733,
            0.0004449987388858719,
            0.00048243262539315987,
            0.0005200981875545779,
            0.0005577631441994759,
            0.0005951952178913865,
            0.0006321635673684761,
            0.0006684402111271966,
            0.0007038014333699869,
            0.0007380291636466309
        ],
        "best_val_loss": 0.006822887109592557,
        "best_epoch": 25
    }
}